,base,system,calc,E_FDET_MP,kernel_tot,E_FDET_HF,E_linFDET_HF,E_ref_HF,E_ref_HF_CP,E_ref_MP,E_ref_MP_CP
0,/home/ricardi/NEG_GS/cc-pVTZ,7HQ_2MeOH,MC-SE-nopp,-0.017732066499911277,0.00010226283648310859,-0.019460672199911162,-0.01946067209991116,-0.015615429000064296,-0.012662554100046464,-0.03751192020006444,-0.02845918360004651
1,/home/ricardi/NEG_GS/cc-pVTZ,7HQ_2MeOH,FT-SE,-0.02345313749996094,0.00012420431828114639,-0.027314358299960782,-0.02725582149996078,-0.015615429000064296,-0.012662554100046464,-0.03751192020006444,-0.02845918360004651
2,/home/ricardi/NEG_GS/cc-pVTZ,7HQ_formate,MC-SE-nopp,-0.03907328340005291,2.2181502170500526e-05,-0.03923235570005314,-0.03923235570005314,-0.05743153109997934,-0.05374079020000977,-0.07256079819997907,-0.06298168800000947
3,/home/ricardi/NEG_GS/cc-pVTZ,7HQ_formate,FT-SE,-0.056236492799996145,4.7563004665098554e-05,-0.06217321969999617,-0.06248760419999617,-0.05743153109997934,-0.05374079020000977,-0.07256079819997907,-0.06298168800000947
4,/home/ricardi/NEG_GS/cc-pVTZ,Uracil_5H2O,MC-SE-nopp,-0.05223432840005149,0.00027752207164463314,-0.05974374940005145,-0.05974374940005145,-0.057837652399996387,-0.05077024619998838,-0.0826764950999963,-0.06386921169998838
5,/home/ricardi/NEG_GS/cc-pVTZ,Uracil_5H2O,FT-SE,-0.06563842390003675,0.0002668685775366097,-0.07848653220003658,-0.07847391620003659,-0.057837652399996387,-0.05077024619998838,-0.0826764950999963,-0.06386921169998838
